week,SST,day,month,year
1,26.86617647,31,12,1989
2,26.50494118,1,7,1990
3,26.27614706,14,1,1990
4,26.46758824,21,1,1990
5,26.686,28,1,1990
6,26.63226471,2,4,1990
7,26.92944118,2,11,1990
8,27.13685294,18,2,1990
9,27.43014706,25,2,1990
10,27.55785294,3,4,1990
11,27.84508824,3,11,1990
12,28.49041176,18,3,1990
13,28.40161765,25,3,1990
14,28.55170588,4,1,1990
15,28.80776471,4,8,1990
16,28.89905882,15,4,1990
17,29.21220588,22,4,1990
18,29.58988235,29,4,1990
19,29.98435294,5,6,1990
20,29.79032353,13,5,1990
21,29.72541176,20,5,1990
22,29.74652941,27,5,1990
23,29.64188235,6,3,1990
24,29.43217647,6,10,1990
25,29.37117647,17,6,1990
26,29.17664706,24,6,1990
27,28.95905882,7,1,1990
28,28.63679412,7,8,1990
29,28.72797059,15,7,1990
30,28.76155882,22,7,1990
31,28.47544118,29,7,1990
32,28.63241176,8,5,1990
33,28.59232353,8,12,1990
34,28.25732353,19,8,1990
35,28.57632353,26,8,1990
36,28.65020588,9,2,1990
37,28.78985294,9,9,1990
38,28.89023529,16,9,1990
39,28.97035294,23,9,1990
40,28.87661765,30,9,1990
41,28.8875,10,7,1990
42,29.02411765,14,10,1990
43,28.91014706,21,10,1990
44,28.61176471,28,10,1990
45,27.97914706,11,4,1990
46,28.43402941,11,11,1990
47,28.43782353,18,11,1990
48,28.10988235,25,11,1990
49,27.67176471,12,2,1990
50,27.49338235,12,9,1990
51,27.03708824,16,12,1990
52,26.89629412,23,12,1990
53,26.95123529,30,12,1990
54,26.55017647,1,6,1991
55,26.59097059,13,1,1991
56,26.58188235,20,1,1991
57,26.60847059,27,1,1991
58,27.00314706,2,3,1991
59,26.98941176,2,10,1991
60,27.08664706,17,2,1991
61,27.37438235,24,2,1991
62,27.79638235,3,3,1991
63,28.062,3,10,1991
64,28.35744118,17,3,1991
65,28.97658824,24,3,1991
66,28.93576471,31,3,1991
67,29.27488235,4,7,1991
68,29.58747059,14,4,1991
69,29.91911765,21,4,1991
70,28.95832353,28,4,1991
71,29.30955882,5,5,1991
72,29.91182353,5,12,1991
73,30.12158824,19,5,1991
74,30.45617647,26,5,1991
75,29.83902941,6,2,1991
76,29.88494118,6,9,1991
77,29.32979412,16,6,1991
78,29.42382353,23,6,1991
79,29.48479412,30,6,1991
80,29.32038235,7,7,1991
81,29.02770588,14,7,1991
82,29.21788235,21,7,1991
83,28.85782353,28,7,1991
84,29.34147059,8,4,1991
85,29.07326471,8,11,1991
86,28.84476471,18,8,1991
87,28.79255882,25,8,1991
88,29.13744118,9,1,1991
89,29.49452941,9,8,1991
90,29.16105882,15,9,1991
91,28.86702941,22,9,1991
92,29.24926471,29,9,1991
93,29.24497059,10,6,1991
94,28.81817647,13,10,1991
95,29.02808824,20,10,1991
96,28.79376471,27,10,1991
97,28.62326471,11,3,1991
98,28.35070588,11,10,1991
99,27.83885294,17,11,1991
100,27.13376471,24,11,1991
101,26.96002941,12,1,1991
102,26.74158824,12,8,1991
103,26.74020588,15,12,1991
104,26.55591176,22,12,1991
105,26.68817647,29,12,1991
106,26.19358824,1,5,1992
107,26.19129412,1,12,1992
108,26.34270588,19,1,1992
109,26.26097059,26,1,1992
110,26.26461765,2,2,1992
111,26.57158824,2,9,1992
112,26.68432353,16,2,1992
113,26.773,23,2,1992
114,27.10397059,3,1,1992
115,27.45220588,3,8,1992
116,27.976,15,3,1992
117,28.08558824,22,3,1992
118,28.03582353,29,3,1992
119,28.57888235,4,5,1992
120,28.84252941,4,12,1992
121,29.03111765,19,4,1992
122,29.57514706,26,4,1992
123,29.80597059,5,3,1992
124,29.89405882,5,10,1992
125,29.48276471,17,5,1992
126,29.533,24,5,1992
127,29.64491176,31,5,1992
128,30.13255882,6,7,1992
129,29.75273529,14,6,1992
130,29.53941176,21,6,1992
131,29.32576471,28,6,1992
132,29.28067647,7,5,1992
133,29.06055882,7,12,1992
134,28.81373529,19,7,1992
135,28.62611765,26,7,1992
136,28.46373529,8,2,1992
137,28.24108824,8,9,1992
138,28.71194118,16,8,1992
139,28.81517647,23,8,1992
140,28.59170588,30,8,1992
141,28.63455882,9,6,1992
142,28.61264706,13,9,1992
143,28.88652941,20,9,1992
144,29.17285294,27,9,1992
145,29.24935294,10,4,1992
146,29.10897059,10,11,1992
147,28.42258824,18,10,1992
148,28.34282353,25,10,1992
149,28.17964706,11,1,1992
150,27.96144118,11,8,1992
151,27.82352941,15,11,1992
152,27.62423529,22,11,1992
153,27.14564706,29,11,1992
154,26.94958824,12,6,1992
155,26.64029412,13,12,1992
156,26.6955,20,12,1992
157,26.46526471,27,12,1992
158,26.08685294,1,3,1993
159,26.32497059,1,10,1993
160,26.45635294,17,1,1993
161,26.22670588,24,1,1993
162,25.97341176,31,1,1993
163,26.25608824,2,7,1993
164,26.34617647,14,2,1993
165,26.25638235,21,2,1993
166,26.641,28,2,1993
167,27.14891176,3,7,1993
168,27.52514706,14,3,1993
169,27.85105882,21,3,1993
170,28.38247059,28,3,1993
171,28.77385294,4,4,1993
172,28.41517647,4,11,1993
173,29.19794118,18,4,1993
174,29.46588235,25,4,1993
175,29.46052941,5,2,1993
176,30.31632353,5,9,1993
177,30.00105882,16,5,1993
178,30.03494118,23,5,1993
179,29.92770588,30,5,1993
180,30.03923529,6,6,1993
181,29.51758824,13,6,1993
182,29.16758824,20,6,1993
183,29.25497059,27,6,1993
184,29.25485294,7,4,1993
185,28.88435294,7,11,1993
186,28.93326471,18,7,1993
187,28.83658824,25,7,1993
188,28.73126471,8,1,1993
189,28.70255882,8,8,1993
190,28.41161765,15,8,1993
191,28.49541176,22,8,1993
192,28.80514706,29,8,1993
193,28.79876471,9,5,1993
194,28.69373529,9,12,1993
195,28.67861765,19,9,1993
196,28.96747059,26,9,1993
197,29.07441176,10,3,1993
198,28.78626471,10,10,1993
199,28.89679412,17,10,1993
200,28.89520588,24,10,1993
201,28.65994118,31,10,1993
202,28.27429412,11,7,1993
203,28.13558824,14,11,1993
204,28.09055882,21,11,1993
205,27.67776471,28,11,1993
206,28.01332353,12,5,1993
207,27.11197059,12,12,1993
208,27.00382353,19,12,1993
209,26.47067647,26,12,1993
210,26.71008824,1,2,1994
211,26.77055882,1,9,1994
212,26.68479412,16,1,1994
213,26.46347059,23,1,1994
214,26.57520588,30,1,1994
215,26.97426471,2,6,1994
216,26.85532353,13,2,1994
217,26.93602941,20,2,1994
218,27.20076471,27,2,1994
219,27.15805882,3,6,1994
220,27.4655,13,3,1994
221,27.73355882,20,3,1994
222,27.91991176,27,3,1994
223,28.55770588,4,3,1994
224,28.97705882,4,10,1994
225,29.22247059,17,4,1994
226,29.35488235,24,4,1994
227,29.30285294,5,1,1994
228,29.37382353,5,8,1994
229,29.40097059,15,5,1994
230,29.78167647,22,5,1994
231,29.58814706,29,5,1994
232,29.21594118,6,5,1994
233,29.29664706,6,12,1994
234,28.99814706,19,6,1994
235,28.88317647,26,6,1994
236,28.80788235,7,3,1994
237,28.78647059,7,10,1994
238,28.39441176,17,7,1994
239,28.18205882,24,7,1994
240,28.43158824,31,7,1994
241,28.43164706,8,7,1994
242,28.46282353,14,8,1994
243,28.31735294,21,8,1994
244,28.33647059,28,8,1994
245,27.97067647,9,4,1994
246,28.01976471,9,11,1994
247,28.50108824,18,9,1994
248,29.06167647,25,9,1994
249,29.13897059,10,2,1994
250,29.07076471,10,9,1994
251,28.88355882,16,10,1994
252,28.73594118,23,10,1994
253,28.56832353,30,10,1994
254,28.02864706,11,6,1994
255,27.97505882,13,11,1994
256,27.93588235,20,11,1994
257,27.54841176,27,11,1994
258,27.16279412,12,4,1994
259,27.00761765,12,11,1994
260,26.73444118,18,12,1994
261,26.51905882,25,12,1994
262,26.24335294,1,1,1995
263,26.18638235,1,8,1995
264,26.23497059,15,1,1995
265,26.38102941,22,1,1995
266,26.53073529,29,1,1995
267,26.25020588,2,5,1995
268,26.65491176,2,12,1995
269,27.10376471,19,2,1995
270,27.11635294,26,2,1995
271,27.41282353,3,5,1995
272,27.75635294,3,12,1995
273,28.17444118,19,3,1995
274,28.55358824,26,3,1995
275,28.83741176,4,2,1995
276,29.41261765,4,9,1995
277,29.53314706,16,4,1995
278,29.83802941,23,4,1995
279,29.87264706,30,4,1995
280,29.56194118,5,7,1995
281,29.03120588,14,5,1995
282,29.18417647,21,5,1995
283,29.27597059,28,5,1995
284,29.20670588,6,4,1995
285,29.52023529,6,11,1995
286,29.38132353,18,6,1995
287,29.15179412,25,6,1995
288,29.2255,7,2,1995
289,29.11276471,7,9,1995
290,28.96326471,16,7,1995
291,28.74452941,23,7,1995
292,28.65567647,30,7,1995
293,28.63711765,8,6,1995
294,28.52361765,13,8,1995
295,28.67279412,20,8,1995
296,28.80938235,27,8,1995
297,28.70697059,9,3,1995
298,28.96479412,9,10,1995
299,28.61061765,17,9,1995
300,28.66976471,24,9,1995
301,28.91070588,10,1,1995
302,28.87038235,10,8,1995
303,28.92226471,15,10,1995
304,28.83744118,22,10,1995
305,28.92438235,29,10,1995
306,28.62388235,11,5,1995
307,28.48394118,11,12,1995
308,28.01094118,19,11,1995
309,27.72547059,26,11,1995
310,27.38479412,12,3,1995
311,27.01388235,12,10,1995
312,26.83073529,17,12,1995
313,26.55614706,24,12,1995
314,26.11108824,31,12,1995
315,26.25188235,1,7,1996
316,26.2975,14,1,1996
317,26.21961765,21,1,1996
318,26.13447059,28,1,1996
319,26.06111765,2,4,1996
320,25.86764706,2,11,1996
321,26.38579412,18,2,1996
322,26.77979412,25,2,1996
323,26.94544118,3,3,1996
324,27.74405882,3,10,1996
325,28.13544118,17,3,1996
326,28.49961765,24,3,1996
327,28.66705882,31,3,1996
328,29.27164706,4,7,1996
329,29.53941176,14,4,1996
330,29.50861765,21,4,1996
331,29.58914706,28,4,1996
332,29.21661765,5,5,1996
333,29.38870588,5,12,1996
334,29.64208824,19,5,1996
335,29.61135294,26,5,1996
336,29.67647059,6,2,1996
337,29.70532353,6,9,1996
338,29.32679412,16,6,1996
339,29.187,23,6,1996
340,29.01697059,30,6,1996
341,29.09570588,7,7,1996
342,28.92541176,14,7,1996
343,28.96120588,21,7,1996
344,28.65129412,28,7,1996
345,28.50520588,8,4,1996
346,28.56885294,8,11,1996
347,28.57797059,18,8,1996
348,28.52764706,25,8,1996
349,28.45367647,9,1,1996
350,28.71714706,9,8,1996
351,28.47647059,15,9,1996
352,28.57526471,22,9,1996
353,28.52458824,29,9,1996
354,28.61223529,10,6,1996
355,28.91347059,13,10,1996
356,28.84852941,20,10,1996
357,28.52361765,27,10,1996
358,28.08455882,11,3,1996
359,28.14602941,11,10,1996
360,27.90814706,17,11,1996
361,27.43691176,24,11,1996
362,27.38520588,12,1,1996
363,26.54891176,12,8,1996
364,27.06241176,15,12,1996
365,27.18182353,22,12,1996
366,25.91755882,29,12,1996
367,25.98673529,1,5,1997
368,26.16541176,1,12,1997
369,26.47402941,19,1,1997
370,26.44938235,26,1,1997
371,26.21197059,2,2,1997
372,26.03491176,2,9,1997
373,26.09905882,16,2,1997
374,26.38635294,23,2,1997
375,27.06632353,3,2,1997
376,27.88844118,3,9,1997
377,27.87717647,16,3,1997
378,28.21,23,3,1997
379,28.46132353,30,3,1997
380,28.54064706,4,6,1997
381,28.98373529,13,4,1997
382,29.21920588,20,4,1997
383,29.37170588,27,4,1997
384,29.78326471,5,4,1997
385,29.84382353,5,11,1997
386,28.98214706,18,5,1997
387,29.04655882,25,5,1997
388,29.42052941,6,1,1997
389,29.45488235,6,8,1997
390,29.49467647,15,6,1997
391,29.44938235,22,6,1997
392,29.25952941,29,6,1997
393,28.98923529,7,6,1997
394,28.86958824,13,7,1997
395,28.84597059,20,7,1997
396,28.63479412,27,7,1997
397,28.33320588,8,3,1997
398,28.63026471,8,10,1997
399,28.58611765,17,8,1997
400,28.7375,24,8,1997
401,28.77870588,31,8,1997
402,29.09876471,9,7,1997
403,29.34494118,14,9,1997
404,29.275,21,9,1997
405,29.11444118,28,9,1997
406,29.14891176,10,5,1997
407,29.43008824,10,12,1997
408,29.52164706,19,10,1997
409,29.50388235,26,10,1997
410,28.83638235,11,2,1997
411,28.95264706,11,9,1997
412,28.54161765,16,11,1997
413,28.53044118,23,11,1997
414,28.27105882,30,11,1997
415,28.10497059,12,7,1997
416,27.47905882,14,12,1997
417,27.20758824,21,12,1997
418,26.79817647,28,12,1997
419,26.57964706,1,4,1998
420,26.69455882,1,11,1998
421,26.61182353,18,1,1998
422,26.80858824,25,1,1998
423,26.80461765,2,1,1998
424,26.8645,2,8,1998
425,27.16323529,15,2,1998
426,27.39988235,22,2,1998
427,27.59732353,3,1,1998
428,27.77679412,3,8,1998
429,28.25505882,15,3,1998
430,28.47226471,22,3,1998
431,28.77882353,29,3,1998
432,29.31338235,4,5,1998
433,29.41967647,4,12,1998
434,29.66317647,19,4,1998
435,29.99258824,26,4,1998
436,30.52655882,5,3,1998
437,30.60138235,5,10,1998
438,30.48170588,17,5,1998
439,30.44491176,24,5,1998
440,30.45679412,31,5,1998
441,30.39358824,6,7,1998
442,30.11170588,14,6,1998
443,30.00852941,21,6,1998
444,29.83197059,28,6,1998
445,29.53197059,7,5,1998
446,29.67335294,7,12,1998
447,29.62820588,19,7,1998
448,29.58294118,26,7,1998
449,29.48529412,8,2,1998
450,29.41241176,8,9,1998
451,29.37644118,16,8,1998
452,29.18885294,23,8,1998
453,29.23870588,30,8,1998
454,28.87926471,9,6,1998
455,29.13402941,13,9,1998
456,29.36123529,20,9,1998
457,29.61238235,27,9,1998
458,29.748,10,4,1998
459,29.39847059,10,11,1998
460,29.40182353,18,10,1998
461,29.48802941,25,10,1998
462,29.30620588,11,1,1998
463,28.95291176,11,8,1998
464,28.89255882,15,11,1998
465,28.57252941,22,11,1998
466,28.7205,29,11,1998
467,27.94702941,12,6,1998
468,27.71702941,13,12,1998
469,27.51052941,20,12,1998
470,27.31514706,27,12,1998
471,26.83241176,1,3,1999
472,27.03552941,1,10,1999
473,26.90485294,17,1,1999
474,26.75852941,24,1,1999
475,26.95808824,31,1,1999
476,26.91258824,2,7,1999
477,26.95644118,14,2,1999
478,27.48373529,21,2,1999
479,27.76517647,28,2,1999
480,27.83679412,3,7,1999
481,28.17,14,3,1999
482,28.70105882,21,3,1999
483,28.84458824,28,3,1999
484,28.98808824,4,4,1999
485,29.46588235,4,11,1999
486,29.7325,18,4,1999
487,29.42097059,25,4,1999
488,29.59105882,5,2,1999
489,29.50758824,5,9,1999
490,29.50244118,16,5,1999
491,29.15638235,23,5,1999
492,29.04979412,30,5,1999
493,29.1225,6,6,1999
494,28.86267647,13,6,1999
495,28.69629412,20,6,1999
496,28.76373529,27,6,1999
497,28.80373529,7,4,1999
498,28.81652941,7,11,1999
499,28.67558824,18,7,1999
500,28.50844118,25,7,1999
501,28.44923529,8,1,1999
502,28.41167647,8,8,1999
503,28.54117647,15,8,1999
504,28.62564706,22,8,1999
505,28.498,29,8,1999
506,28.38432353,9,5,1999
507,28.43105882,9,12,1999
508,28.429,19,9,1999
509,28.97623529,26,9,1999
510,29.07135294,10,3,1999
511,28.81070588,10,10,1999
512,28.71167647,17,10,1999
513,28.85273529,24,10,1999
514,28.56341176,31,10,1999
515,28.36955882,11,7,1999
516,28.22344118,14,11,1999
517,27.87729412,21,11,1999
518,27.63779412,28,11,1999
519,27.40697059,12,5,1999
520,26.97573529,12,12,1999
521,26.68567647,19,12,1999
522,26.45523529,26,12,1999
523,26.09467647,1,2,2000
524,26.35614706,1,9,2000
525,26.41467647,16,1,2000
526,26.61414706,23,1,2000
527,26.57532353,30,1,2000
528,26.50970588,2,6,2000
529,26.61394118,13,2,2000
530,26.99232353,20,2,2000
531,27.22914706,27,2,2000
532,27.47047059,3,5,2000
533,27.61426471,3,12,2000
534,28.11691176,19,3,2000
535,28.15779412,26,3,2000
536,28.41708824,4,2,2000
537,28.76455882,4,9,2000
538,29.15955882,16,4,2000
539,29.39891176,23,4,2000
540,29.44232353,30,4,2000
541,29.77020588,5,7,2000
542,29.70344118,14,5,2000
543,29.53652941,21,5,2000
544,29.40555882,28,5,2000
545,29.15814706,6,4,2000
546,29.22952941,6,11,2000
547,29.12779412,18,6,2000
548,29.18058824,25,6,2000
549,29.13873529,7,2,2000
550,28.78170588,7,9,2000
551,28.80108824,16,7,2000
552,28.75794118,23,7,2000
553,29.10667647,30,7,2000
554,28.863,8,6,2000
555,28.88217647,13,8,2000
556,28.72785294,20,8,2000
557,28.59826471,27,8,2000
558,28.58297059,9,3,2000
559,28.68679412,9,10,2000
560,28.882,17,9,2000
561,29.11773529,24,9,2000
562,29.10885294,10,1,2000
563,29.16932353,10,8,2000
564,28.98732353,15,10,2000
565,28.81326471,22,10,2000
566,28.76711765,29,10,2000
567,28.73532353,11,5,2000
568,28.32664706,11,12,2000
569,27.98885294,19,11,2000
570,27.74158824,26,11,2000
571,27.33726471,12,3,2000
572,27.05382353,12,10,2000
573,26.84111765,17,12,2000
574,26.68211765,24,12,2000
575,26.35476471,31,12,2000
576,26.44208824,1,7,2001
577,26.32670588,14,1,2001
578,26.445,21,1,2001
579,26.48138235,28,1,2001
580,26.74852941,2,4,2001
581,26.75255882,2,11,2001
582,27.16311765,18,2,2001
583,27.38823529,25,2,2001
584,27.77608824,3,4,2001
585,27.90388235,3,11,2001
586,28.44591176,18,3,2001
587,28.77255882,25,3,2001
588,29.33614706,4,1,2001
589,29.72435294,4,8,2001
590,29.75938235,15,4,2001
591,30.08597059,22,4,2001
592,30.37617647,29,4,2001
593,30.1275,5,6,2001
594,29.98044118,13,5,2001
595,29.98429412,20,5,2001
596,29.76191176,27,5,2001
597,29.67914706,6,3,2001
598,29.28179412,6,10,2001
599,29.20767647,17,6,2001
600,28.78452941,24,6,2001
601,28.894,7,1,2001
602,28.78194118,7,8,2001
603,28.89676471,15,7,2001
604,28.94376471,22,7,2001
605,28.92888235,29,7,2001
606,28.78379412,8,5,2001
607,28.69755882,8,12,2001
608,28.72961765,19,8,2001
609,28.61620588,26,8,2001
610,28.97620588,9,2,2001
611,29.14955882,9,9,2001
612,29.21761765,16,9,2001
613,29.34320588,23,9,2001
614,29.15270588,30,9,2001
615,29.20338235,10,7,2001
616,29.43855882,14,10,2001
617,29.53655882,21,10,2001
618,29.38170588,28,10,2001
619,29.16026471,11,4,2001
620,28.65611765,11,11,2001
621,28.36932353,18,11,2001
622,28.20976471,25,11,2001
623,27.9935,12,2,2001
624,27.53132353,12,9,2001
625,27.46282353,16,12,2001
626,26.71467647,23,12,2001
627,26.55685294,30,12,2001
628,26.21455882,1,6,2002
629,26.53182353,13,1,2002
630,26.60235294,20,1,2002
631,26.67317647,27,1,2002
632,26.60464706,2,3,2002
633,26.6625,2,10,2002
634,26.77214706,17,2,2002
635,27.10952941,24,2,2002
636,27.43920588,3,3,2002
637,27.66714706,3,10,2002
638,27.69220588,17,3,2002
639,28.43394118,24,3,2002
640,28.84776471,31,3,2002
641,29.36902941,4,7,2002
642,29.62141176,14,4,2002
643,30.00988235,21,4,2002
644,30.08273529,28,4,2002
645,30.09055882,5,5,2002
646,29.61764706,5,12,2002
647,29.51497059,19,5,2002
648,29.53473529,26,5,2002
649,29.59794118,6,2,2002
650,29.49829412,6,9,2002
651,29.50982353,16,6,2002
652,29.36085294,23,6,2002
653,29.39058824,30,6,2002
654,29.40773529,7,7,2002
655,29.32620588,14,7,2002
656,29.15914706,21,7,2002
657,29.02258824,28,7,2002
658,28.8875,8,4,2002
659,28.76847059,8,11,2002
660,28.40258824,18,8,2002
661,28.84220588,25,8,2002
662,28.73655882,9,1,2002
663,28.51797059,9,8,2002
664,28.63964706,15,9,2002
665,28.67582353,22,9,2002
666,29.37185294,29,9,2002
667,29.30594118,10,6,2002
668,28.96017647,13,10,2002
669,29.19732353,20,10,2002
670,29.00520588,27,10,2002
671,28.71632353,11,3,2002
672,28.39141176,11,10,2002
673,28.36035294,17,11,2002
674,28.07773529,24,11,2002
675,28.07108824,12,1,2002
676,27.45041176,12,8,2002
677,27.02120588,15,12,2002
678,26.64876471,22,12,2002
679,26.27994118,29,12,2002
680,26.31894118,1,5,2003
681,26.26229412,1,12,2003
682,25.90608824,19,1,2003
683,26.03652941,26,1,2003
684,26.16770588,2,2,2003
685,26.56623529,2,9,2003
686,26.79944118,16,2,2003
687,26.96873529,23,2,2003
688,27.48332353,3,2,2003
689,27.28382353,3,9,2003
690,27.56120588,16,3,2003
691,28.15676471,23,3,2003
692,28.55797059,30,3,2003
693,29.35344118,4,6,2003
694,29.50029412,13,4,2003
695,29.73714706,20,4,2003
696,29.93111765,27,4,2003
697,30.1645,5,4,2003
698,29.91094118,5,11,2003
699,29.43314706,18,5,2003
700,29.48597059,25,5,2003
701,29.49167647,6,1,2003
702,29.40861765,6,8,2003
703,29.27173529,15,6,2003
704,29.10920588,22,6,2003
705,28.81641176,29,6,2003
706,28.90964706,7,6,2003
707,28.87914706,13,7,2003
708,28.77926471,20,7,2003
709,28.74823529,27,7,2003
710,28.57735294,8,3,2003
711,28.57170588,8,10,2003
712,28.94120588,17,8,2003
713,28.89205882,24,8,2003
714,28.30794118,31,8,2003
715,28.04082353,9,7,2003
716,28.30529412,14,9,2003
717,28.39714706,21,9,2003
718,28.66147059,28,9,2003
719,28.74647059,10,5,2003
720,28.63885294,10,12,2003
721,28.73341176,19,10,2003
722,28.74255882,26,10,2003
723,28.70332353,11,2,2003
724,28.57247059,11,9,2003
725,27.98073529,16,11,2003
726,27.9305,23,11,2003
727,27.47726471,30,11,2003
728,27.18258824,12,7,2003
729,26.99914706,14,12,2003
730,26.74823529,21,12,2003
731,26.51188235,28,12,2003
732,26.17538235,1,4,2004
733,26.18432353,1,11,2004
734,26.27335294,18,1,2004
735,26.05541176,25,1,2004
736,26.21720588,2,1,2004
737,26.04679412,2,8,2004
738,26.22391176,15,2,2004
739,26.61294118,22,2,2004
740,27.06026471,29,2,2004
741,26.98214706,3,7,2004
742,27.49505882,14,3,2004
743,27.70688235,21,3,2004
744,28.34655882,28,3,2004
745,28.60529412,4,4,2004
746,28.845,4,11,2004
747,29.32273529,18,4,2004
748,29.84214706,25,4,2004
749,30.08014706,5,2,2004
750,30.09447059,5,9,2004
751,29.36511765,16,5,2004
752,29.31858824,23,5,2004
753,29.28279412,30,5,2004
754,29.45558824,6,6,2004
755,29.35082353,13,6,2004
756,29.06820588,20,6,2004
757,29.09697059,27,6,2004
758,28.971,7,4,2004
759,28.82382353,7,11,2004
760,28.73385294,18,7,2004
761,28.52870588,25,7,2004
762,28.47770588,8,1,2004
763,28.47958824,8,8,2004
764,28.41355882,15,8,2004
765,28.55855882,22,8,2004
766,28.92541176,29,8,2004
767,28.534,9,5,2004
768,28.56011765,9,12,2004
769,28.99708824,19,9,2004
770,29.07852941,26,9,2004
771,28.60120588,10,3,2004
772,28.86714706,10,10,2004
773,28.824,17,10,2004
774,28.64847059,24,10,2004
775,28.50070588,31,10,2004
776,28.69091176,11,7,2004
777,28.18176471,14,11,2004
778,27.84332353,21,11,2004
779,27.7735,28,11,2004
780,27.34338235,12,5,2004
781,26.95467647,12,12,2004
782,27.08826471,19,12,2004
783,26.61405882,26,12,2004
784,26.23729412,1,2,2005
785,26.16670588,1,9,2005
786,26.14685294,16,1,2005
787,26.19144118,23,1,2005
788,26.32764706,30,1,2005
789,26.52405882,2,6,2005
790,26.73114706,13,2,2005
791,27.01826471,20,2,2005
792,27.40664706,27,2,2005
793,27.52476471,3,6,2005
794,27.70417647,13,3,2005
795,28.151,20,3,2005
796,28.44567647,27,3,2005
797,28.62364706,4,3,2005
798,29.16452941,4,10,2005
799,29.373,17,4,2005
800,29.91791176,24,4,2005
801,30.03488235,5,1,2005
802,29.83911765,5,8,2005
803,29.78447059,15,5,2005
804,29.87538235,22,5,2005
805,29.83147059,29,5,2005
806,29.61029412,6,5,2005
807,29.36491176,6,12,2005
808,29.34291176,19,6,2005
809,29.22911765,26,6,2005
810,28.77338235,7,3,2005
811,28.84514706,7,10,2005
812,29.22429412,17,7,2005
813,29.00535294,24,7,2005
814,28.63191176,31,7,2005
815,28.55605882,8,7,2005
816,28.46188235,14,8,2005
817,28.62738235,21,8,2005
818,29.34185294,28,8,2005
819,29.31382353,9,4,2005
820,28.70761765,9,11,2005
821,28.72467647,18,9,2005
822,28.73364706,25,9,2005
823,29.05747059,10,2,2005
824,29.15555882,10,9,2005
825,29.16502941,16,10,2005
826,28.76955882,23,10,2005
827,28.86467647,30,10,2005
828,28.62308824,11,6,2005
829,28.16005882,13,11,2005
830,27.88420588,20,11,2005
831,27.51852941,27,11,2005
832,27.51661765,12,4,2005
833,27.2605,12,11,2005
834,26.93064706,18,12,2005
835,26.70638235,25,12,2005
836,26.31541176,1,1,2006
837,26.45823529,1,8,2006
838,26.41688235,15,1,2006
839,26.47397059,22,1,2006
840,26.55085294,29,1,2006
841,26.5765,2,5,2006
842,26.83355882,2,12,2006
843,27.07897059,19,2,2006
844,27.65667647,26,2,2006
845,28.25873529,3,5,2006
846,28.17652941,3,12,2006
847,28.18464706,19,3,2006
848,28.73144118,26,3,2006
849,28.81808824,4,2,2006
850,29.0125,4,9,2006
851,29.31020588,16,4,2006
852,29.55638235,23,4,2006
853,29.66670588,30,4,2006
854,29.96108824,5,7,2006
855,30.06094118,14,5,2006
856,29.62861765,21,5,2006
857,29.57470588,28,5,2006
858,29.35329412,6,4,2006
859,29.29432353,6,11,2006
860,29.26732353,18,6,2006
861,29.16964706,25,6,2006
862,28.78944118,7,2,2006
863,28.94152941,7,9,2006
864,28.78961765,16,7,2006
865,28.86082353,23,7,2006
866,28.50676471,30,7,2006
867,28.49347059,8,6,2006
868,28.40352941,13,8,2006
869,28.58917647,20,8,2006
870,28.6485,27,8,2006
871,28.81579412,9,3,2006
872,29.10920588,9,10,2006
873,28.92282353,17,9,2006
874,28.67732353,24,9,2006
875,28.71873529,10,1,2006
876,29.07947059,10,8,2006
877,29.42126471,15,10,2006
878,29.18482353,22,10,2006
879,29.07526471,29,10,2006
880,28.79782353,11,5,2006
881,28.58094118,11,12,2006
882,28.50658824,19,11,2006
883,28.39323529,26,11,2006
884,27.8455,12,3,2006
885,27.56397059,12,10,2006
886,27.21655882,17,12,2006
887,26.68188235,24,12,2006
888,26.31638235,31,12,2006
889,26.06502941,1,7,2007
890,25.99352941,14,1,2007
891,25.97097059,21,1,2007
892,26.32067647,28,1,2007
893,26.19826471,2,4,2007
894,26.45079412,2,11,2007
895,26.61920588,18,2,2007
896,26.86511765,25,2,2007
897,27.08602941,3,4,2007
898,27.45129412,3,11,2007
899,27.73705882,18,3,2007
900,28.24311765,25,3,2007
901,28.571,4,1,2007
902,28.55429412,4,8,2007
903,29.18697059,15,4,2007
904,29.71008824,22,4,2007
905,29.95044118,29,4,2007
906,29.8795,5,6,2007
907,29.40282353,13,5,2007
908,29.46614706,20,5,2007
909,29.77985294,27,5,2007
910,29.85902941,6,3,2007
911,29.88879412,6,10,2007
912,29.73885294,17,6,2007
913,29.53432353,24,6,2007
914,29.14994118,7,1,2007
915,28.88614706,7,8,2007
916,28.98373529,15,7,2007
917,28.75870588,22,7,2007
918,28.96967647,29,7,2007
919,28.52317647,8,5,2007
920,28.56964706,8,12,2007
921,28.60838235,19,8,2007
922,28.88682353,26,8,2007
923,28.82764706,9,2,2007
924,28.57161765,9,9,2007
925,28.65826471,16,9,2007
926,28.35326471,23,9,2007
927,28.46702941,30,9,2007
928,28.55288235,10,7,2007
929,28.86444118,14,10,2007
930,28.51476471,21,10,2007
931,28.41020588,28,10,2007
932,28.67735294,11,4,2007
933,28.11758824,11,11,2007
934,27.84741176,18,11,2007
935,27.7195,25,11,2007
936,27.29279412,12,2,2007
937,27.07482353,12,9,2007
938,26.85,16,12,2007
939,26.48729412,23,12,2007
940,26.25344118,30,12,2007
941,26.29302941,1,6,2008
942,26.34797059,13,1,2008
943,26.46294118,20,1,2008
944,26.47355882,27,1,2008
945,26.61511765,2,3,2008
946,26.67379412,2,10,2008
947,26.61735294,17,2,2008
948,26.84338235,24,2,2008
949,26.98585294,3,2,2008
950,27.40235294,3,9,2008
951,27.89394118,16,3,2008
952,28.44961765,23,3,2008
953,28.73526471,30,3,2008
954,28.92017647,4,6,2008
955,29.34679412,13,4,2008
956,29.67820588,20,4,2008
957,29.38491176,27,4,2008
958,29.32082353,5,4,2008
959,29.31858824,5,11,2008
960,29.28079412,18,5,2008
961,29.36444118,25,5,2008
962,29.54420588,6,1,2008
963,29.40955882,6,8,2008
964,29.15732353,15,6,2008
965,28.74035294,22,6,2008
966,28.69797059,29,6,2008
967,28.55576471,7,6,2008
968,28.61758824,13,7,2008
969,28.69455882,20,7,2008
970,28.5575,27,7,2008
971,28.24191176,8,3,2008
972,28.25470588,8,10,2008
973,28.41332353,17,8,2008
974,29.00673529,24,8,2008
975,29.33179412,31,8,2008
976,29.10688235,9,7,2008
977,28.91394118,14,9,2008
978,28.83361765,21,9,2008
979,29.03267647,28,9,2008
980,29.40344118,10,5,2008
981,29.70626471,10,12,2008
982,29.42826471,19,10,2008
983,28.95938235,26,10,2008
984,28.79558824,11,2,2008
985,28.43805882,11,9,2008
986,28.14161765,16,11,2008
987,27.82082353,23,11,2008
988,27.48358824,30,11,2008
989,27.31108824,12,7,2008
990,27.23602941,14,12,2008
991,27.07255882,21,12,2008
992,26.68717647,28,12,2008
993,26.43447059,1,4,2009
994,26.13505882,1,11,2009
995,26.05817647,18,1,2009
996,26.239,25,1,2009
997,26.43785294,2,1,2009
998,26.79367647,2,8,2009
999,26.89014706,15,2,2009
1000,27.41179412,22,2,2009
1001,27.65391176,3,1,2009
1002,27.92697059,3,8,2009
1003,28.294,15,3,2009
1004,28.81873529,22,3,2009
1005,29.08235294,29,3,2009
1006,29.26158824,4,5,2009
1007,29.47908824,4,12,2009
1008,29.54582353,19,4,2009
1009,29.45420588,26,4,2009
1010,29.59564706,5,3,2009
1011,29.71588235,5,10,2009
1012,29.79120588,17,5,2009
1013,29.64397059,24,5,2009
1014,29.17626471,31,5,2009
1015,29.03161765,6,7,2009
1016,29.12497059,14,6,2009
1017,29.11073529,21,6,2009
1018,28.97970588,28,6,2009
1019,28.79691176,7,5,2009
1020,28.65185294,7,12,2009
1021,28.69682353,19,7,2009
1022,28.55708824,26,7,2009
1023,28.68523529,8,2,2009
1024,28.66229412,8,9,2009
1025,28.92858824,16,8,2009
1026,28.95985294,23,8,2009
1027,28.72535294,30,8,2009
1028,28.80867647,9,6,2009
1029,29.24435294,13,9,2009
1030,29.09135294,20,9,2009
1031,28.78347059,27,9,2009
1032,28.56044118,10,4,2009
1033,29.03655882,10,11,2009
1034,29.07594118,18,10,2009
1035,29.19255882,25,10,2009
1036,28.64017647,11,1,2009
1037,28.51867647,11,8,2009
1038,28.57097059,15,11,2009
1039,28.42473529,22,11,2009
1040,28.16708824,29,11,2009
1041,27.67755882,12,6,2009
1042,27.46829412,13,12,2009
1043,27.29364706,20,12,2009
1044,26.85858824,27,12,2009
1045,26.79317647,1,3,2010
1046,26.87658824,1,10,2010
1047,26.80123529,17,1,2010
1048,26.94926471,24,1,2010
1049,26.62852941,31,1,2010
1050,26.90544118,2,7,2010
1051,27.19108824,14,2,2010
1052,27.49952941,21,2,2010
1053,27.81429412,28,2,2010
1054,28.32317647,3,7,2010
1055,28.81476471,14,3,2010
1056,29.35405882,21,3,2010
1057,29.53835294,28,3,2010
1058,29.724,4,4,2010
1059,29.97291176,4,11,2010
1060,30.27752941,18,4,2010
1061,30.39067647,25,4,2010
1062,30.41055882,5,2,2010
1063,30.57276471,5,9,2010
1064,30.42838235,16,5,2010
1065,30.11997059,23,5,2010
1066,30.05682353,30,5,2010
1067,30.09467647,6,6,2010
1068,29.98770588,13,6,2010
1069,29.76264706,20,6,2010
1070,29.71785294,27,6,2010
1071,29.47108824,7,4,2010
1072,29.46335294,7,11,2010
1073,29.45652941,18,7,2010
1074,29.2765,25,7,2010
1075,29.16741176,8,1,2010
1076,29.02402941,8,8,2010
1077,29.28008824,15,8,2010
1078,29.21764706,22,8,2010
1079,29.26347059,29,8,2010
1080,29.16279412,9,5,2010
1081,29.16323529,9,12,2010
1082,29.15394118,19,9,2010
1083,29.35785294,26,9,2010
1084,29.40658824,10,3,2010
1085,28.97691176,10,10,2010
1086,28.9145,17,10,2010
1087,29.03444118,24,10,2010
1088,28.77702941,31,10,2010
1089,28.47408824,11,7,2010
1090,28.65488235,14,11,2010
1091,28.55841176,21,11,2010
1092,28.00844118,28,11,2010
1093,27.65967647,12,5,2010
1094,27.38102941,12,12,2010
1095,27.20785294,19,12,2010
1096,27.01847059,26,12,2010
1097,27.10602941,1,2,2011
1098,26.50652941,1,9,2011
1099,26.36505882,16,1,2011
1100,26.21011765,23,1,2011
1101,26.21497059,30,1,2011
1102,26.42991176,2,6,2011
1103,26.75758824,13,2,2011
1104,27.14364706,20,2,2011
1105,27.58897059,27,2,2011
1106,27.55594118,3,6,2011
1107,27.69276471,13,3,2011
1108,27.68347059,20,3,2011
1109,27.84461765,27,3,2011
1110,28.51870588,4,3,2011
1111,28.90302941,4,10,2011
1112,29.40161765,17,4,2011
1113,29.44994118,24,4,2011
1114,29.54214706,5,1,2011
1115,29.60485294,5,8,2011
1116,29.516,15,5,2011
1117,29.33544118,22,5,2011
1118,29.54373529,29,5,2011
1119,29.54376471,6,5,2011
1120,29.40864706,6,12,2011
1121,29.17502941,19,6,2011
1122,29.08758824,26,6,2011
1123,29.03917647,7,3,2011
1124,28.95635294,7,10,2011
1125,28.94270588,17,7,2011
1126,28.82738235,24,7,2011
1127,28.78264706,31,7,2011
1128,28.87873529,8,7,2011
1129,28.7165,14,8,2011
1130,28.67452941,21,8,2011
1131,28.64352941,28,8,2011
1132,28.61288235,9,4,2011
1133,28.62708824,9,11,2011
1134,28.558,18,9,2011
1135,28.79402941,25,9,2011
1136,28.85561765,10,2,2011
1137,28.99576471,10,9,2011
1138,28.91932353,16,10,2011
1139,28.89970588,23,10,2011
1140,28.57911765,30,10,2011
1141,28.51620588,11,6,2011
1142,28.43402941,13,11,2011
1143,28.19120588,20,11,2011
1144,27.79644118,27,11,2011
1145,27.85947059,12,4,2011
1146,27.35494118,12,11,2011
1147,26.63629412,18,12,2011
1148,26.36544118,25,12,2011
1149,26.65723529,1,1,2012
1150,26.50061765,1,8,2012
1151,26.24973529,15,1,2012
1152,26.06558824,22,1,2012
1153,26.00808824,29,1,2012
1154,26.24102941,2,5,2012
1155,26.42291176,2,12,2012
1156,26.62032353,19,2,2012
1157,27.17420588,26,2,2012
1158,27.53176471,3,4,2012
1159,27.87338235,3,11,2012
1160,28.19620588,18,3,2012
1161,28.70261765,25,3,2012
1162,28.83717647,4,1,2012
1163,29.07644118,4,8,2012
1164,29.41273529,15,4,2012
1165,29.42214706,22,4,2012
1166,29.75226471,29,4,2012
1167,29.47497059,5,6,2012
1168,29.50897059,13,5,2012
1169,29.54829412,20,5,2012
1170,29.58029412,27,5,2012
1171,29.47755882,6,3,2012
1172,29.24882353,6,10,2012
1173,29.0195,17,6,2012
1174,28.78617647,24,6,2012
1175,28.75961765,7,1,2012
1176,28.92476471,7,8,2012
1177,28.81967647,15,7,2012
1178,28.79732353,22,7,2012
1179,28.6715,29,7,2012
1180,28.47976471,8,5,2012
1181,28.51447059,8,12,2012
1182,28.67635294,19,8,2012
1183,28.61417647,26,8,2012
1184,28.46879412,9,2,2012
1185,28.44538235,9,9,2012
1186,28.49029412,16,9,2012
1187,28.69102941,23,9,2012
1188,28.713,30,9,2012
1189,28.98697059,10,7,2012
1190,29.02491176,14,10,2012
1191,29.12802941,21,10,2012
1192,29.05085294,28,10,2012
1193,28.99841176,11,4,2012
1194,28.70729412,11,11,2012
1195,28.39961765,18,11,2012
1196,27.85535294,25,11,2012
1197,27.66861765,12,2,2012
1198,27.32941176,12,9,2012
1199,27.40232353,16,12,2012
1200,27.12094118,23,12,2012
1201,26.78067647,30,12,2012
1202,26.57547059,1,6,2013
1203,26.49505882,13,1,2013
1204,26.36355882,20,1,2013
1205,26.2115,27,1,2013
1206,26.50152941,2,3,2013
1207,26.76473529,2,10,2013
1208,26.90832353,17,2,2013
1209,27.00123529,24,2,2013
1210,27.22985294,3,3,2013
1211,27.75267647,3,10,2013
1212,28.29282353,17,3,2013
1213,28.68970588,24,3,2013
1214,28.95555882,31,3,2013
1215,29.15311765,4,7,2013
1216,29.33358824,14,4,2013
1217,29.74208824,21,4,2013
1218,29.94652941,28,4,2013
1219,30.10258824,5,5,2013
1220,29.82891176,5,12,2013
1221,30.02811765,19,5,2013
1222,29.64376471,26,5,2013
1223,29.54911765,6,2,2013
1224,29.37861765,6,9,2013
1225,29.31617647,16,6,2013
1226,29.26744118,23,6,2013
1227,29.06573529,30,6,2013
1228,28.97861765,7,7,2013
1229,28.929,14,7,2013
1230,28.74361765,21,7,2013
1231,28.57794118,28,7,2013
1232,28.54570588,8,4,2013
1233,28.61491176,8,11,2013
1234,28.56261765,18,8,2013
1235,28.50014706,25,8,2013
1236,28.55258824,9,1,2013
1237,28.63979412,9,8,2013
1238,28.65297059,15,9,2013
1239,28.65291176,22,9,2013
1240,28.53294118,29,9,2013
1241,28.69264706,10,6,2013
1242,28.73473529,13,10,2013
1243,28.73329412,20,10,2013
1244,28.63508824,27,10,2013
1245,28.54314706,11,3,2013
1246,28.41052941,11,10,2013
1247,28.09885294,17,11,2013
1248,27.90373529,24,11,2013
1249,27.46488235,12,1,2013
1250,27.29155882,12,8,2013
1251,26.81658824,15,12,2013
1252,26.23647059,22,12,2013
1253,26.12873529,29,12,2013
1254,25.95111765,1,5,2014
1255,26.20285294,1,12,2014
1256,25.88276471,19,1,2014
1257,25.80114706,26,1,2014
1258,26.02691176,2,2,2014
1259,26.26214706,2,9,2014
1260,26.31879412,16,2,2014
1261,26.45682353,23,2,2014
1262,26.81935294,3,2,2014
1263,27.14917647,3,9,2014
1264,27.75797059,16,3,2014
1265,28.19670588,23,3,2014
1266,28.59738235,30,3,2014
1267,28.99070588,4,6,2014
1268,29.34117647,13,4,2014
1269,30.01620588,20,4,2014
1270,30.33317647,27,4,2014
1271,30.26514706,5,4,2014
1272,30.16873529,5,11,2014
1273,30.20835294,18,5,2014
1274,30.16326471,25,5,2014
1275,30.33182353,6,1,2014
1276,30.19570588,6,8,2014
1277,29.89932353,15,6,2014
1278,29.77164706,22,6,2014
1279,29.59041176,29,6,2014
1280,29.53761765,7,6,2014
1281,29.27467647,13,7,2014
1282,29.12755882,20,7,2014
1283,28.94923529,27,7,2014
1284,28.88291176,8,3,2014
1285,28.86458824,8,10,2014
1286,29.05702941,17,8,2014
1287,28.98152941,24,8,2014
1288,28.844,31,8,2014
1289,28.75620588,9,7,2014
1290,28.70752941,14,9,2014
1291,29.01867647,21,9,2014
1292,29.58367647,28,9,2014
1293,29.28211765,10,5,2014
1294,29.13870588,10,12,2014
1295,29.14911765,19,10,2014
1296,29.06697059,26,10,2014
1297,28.79432353,11,2,2014
1298,28.69779412,11,9,2014
1299,28.47064706,16,11,2014
1300,28.19864706,23,11,2014
1301,28.06747059,30,11,2014
1302,27.74435294,12,7,2014
1303,27.39782353,14,12,2014
1304,27.11938235,21,12,2014
1305,26.91105882,28,12,2014
1306,26.90397059,1,4,2015
1307,26.49261765,1,11,2015
1308,26.28491176,18,1,2015
1309,26.13173529,25,1,2015
1310,26.36505882,2,1,2015
1311,26.57635294,2,8,2015
1312,26.786,15,2,2015
1313,27.07961765,22,2,2015
1314,27.45014706,3,1,2015
1315,27.75914706,3,8,2015
1316,28.25279412,15,3,2015
1317,28.53997059,22,3,2015
1318,28.88208824,29,3,2015
1319,29.06555882,4,5,2015
1320,29.24479412,4,12,2015
1321,29.56888235,19,4,2015
1322,29.81302941,26,4,2015
1323,30.10391176,5,3,2015
1324,30.41611765,5,10,2015
1325,30.16285294,17,5,2015
1326,29.70323529,24,5,2015
1327,29.80485294,31,5,2015
1328,29.93576471,6,7,2015
1329,29.74264706,14,6,2015
1330,29.5355,21,6,2015
1331,29.36258824,28,6,2015
1332,29.21126471,7,5,2015
1333,29.11258824,7,12,2015
1334,29.09967647,19,7,2015
1335,28.99564706,26,7,2015
1336,28.89261765,8,2,2015
1337,29.03702941,8,9,2015
1338,29.23979412,16,8,2015
1339,29.12558824,23,8,2015
1340,29.12944118,30,8,2015
1341,29.05611765,9,6,2015
1342,28.95429412,13,9,2015
1343,29.17111765,20,9,2015
1344,29.18747059,27,9,2015
1345,29.23994118,10,4,2015
1346,29.57785294,10,11,2015
1347,29.63526471,18,10,2015
1348,29.42697059,25,10,2015
1349,29.10411765,11,1,2015
1350,28.74905882,11,8,2015
1351,28.61708824,15,11,2015
1352,28.53008824,22,11,2015
1353,28.35952941,29,11,2015
1354,28.06708824,12,6,2015
1355,27.98508824,13,12,2015
1356,27.61570588,20,12,2015
1357,27.31573529,27,12,2015
1358,27.10382353,1,3,2016
1359,26.90979412,1,10,2016
1360,26.86667647,17,1,2016
1361,26.76120588,24,1,2016
1362,26.63555882,31,1,2016
1363,26.69529412,2,7,2016
1364,27.30073529,14,2,2016
1365,27.67797059,21,2,2016
1366,27.92011765,28,2,2016
1367,28.31117647,3,6,2016
1368,28.80070588,13,3,2016
1369,28.94858824,20,3,2016
1370,28.99570588,27,3,2016
1371,29.38323529,4,3,2016
1372,29.81035294,4,10,2016
1373,29.97114706,17,4,2016
1374,30.21452941,24,4,2016
1375,30.67452941,5,1,2016
1376,30.82461765,5,8,2016
1377,30.53314706,15,5,2016
1378,29.99376471,22,5,2016
1379,30.09223529,29,5,2016
1380,29.88773529,6,5,2016
1381,29.62858824,6,12,2016
1382,29.45417647,19,6,2016
1383,29.19088235,26,6,2016
1384,29.13941176,7,3,2016
1385,29.04194118,7,10,2016
1386,28.97523529,17,7,2016
1387,28.92111765,24,7,2016
1388,28.77929412,31,7,2016
1389,28.89841176,8,7,2016
1390,28.77423529,14,8,2016
1391,29.13520588,21,8,2016
1392,29.04088235,28,8,2016
1393,28.79217647,9,4,2016
1394,28.77432353,9,11,2016
1395,28.75435294,18,9,2016
1396,28.79541176,25,9,2016
1397,28.85623529,10,2,2016
1398,29.01023529,10,9,2016
1399,29.23691176,16,10,2016
1400,28.94894118,23,10,2016
1401,28.82682353,30,10,2016
1402,28.68223529,11,6,2016
1403,28.561,13,11,2016
1404,28.23532353,20,11,2016
1405,28.07526471,27,11,2016
1406,27.62311765,12,4,2016
1407,27.54817647,12,11,2016
1408,27.28602941,18,12,2016
1409,27.29035294,25,12,2016
1410,27.12126471,1,1,2017
1411,26.70511765,1,8,2017
1412,26.37955882,15,1,2017
1413,26.29220588,22,1,2017
1414,26.45205882,29,1,2017
1415,26.39467647,2,5,2017
1416,26.56908824,2,12,2017
1417,26.87420588,19,2,2017
1418,27.25402941,26,2,2017
1419,27.98285294,3,5,2017
1420,28.03644118,3,12,2017
1421,28.22452941,19,3,2017
1422,28.52717647,26,3,2017
1423,28.46788235,4,2,2017
1424,28.96870588,4,9,2017
1425,28.99782353,16,4,2017
1426,29.03052941,23,4,2017
1427,29.65561765,30,4,2017
1428,30.01541176,5,7,2017
1429,30.16861765,14,5,2017
1430,30.00811765,21,5,2017
1431,29.84247059,28,5,2017
1432,29.79252941,6,4,2017
1433,29.60194118,6,11,2017
1434,29.57641176,18,6,2017
1435,29.31797059,25,6,2017
1436,29.24035294,7,2,2017
1437,29.11226471,7,9,2017
1438,29.00538235,16,7,2017
1439,29.00432353,23,7,2017
1440,29.07714706,30,7,2017
1441,29.15138235,8,6,2017
1442,29.12358824,13,8,2017
1443,29.03444118,20,8,2017
1444,29.04514706,27,8,2017
1445,29.27558824,9,3,2017
1446,29.41252941,9,10,2017
1447,29.23158824,17,9,2017
1448,29.20217647,24,9,2017
1449,29.25235294,10,1,2017
1450,29.50908824,10,8,2017
1451,29.35102941,15,10,2017
1452,29.18702941,22,10,2017
1453,28.90988235,29,10,2017
1454,28.74132353,11,5,2017
1455,28.65447059,11,12,2017
1456,28.72229412,19,11,2017
1457,27.97370588,26,11,2017
1458,27.5715,12,3,2017
1459,27.71726471,12,10,2017
1460,27.07591176,17,12,2017
1461,26.79635294,24,12,2017
1462,26.60138235,31,12,2017
1463,26.47017647,1,7,2018
1464,25.90317647,14,1,2018
1465,26.22311765,21,1,2018
1466,26.16020588,28,1,2018
1467,26.47744118,2,4,2018
1468,26.52114706,2,11,2018
1469,26.76638235,18,2,2018
1470,27.28726471,25,2,2018
1471,28.17191176,3,4,2018
1472,28.35161765,3,11,2018
1473,28.28797059,18,3,2018
1474,28.67608824,25,3,2018
1475,28.85473529,4,1,2018
1476,29.27844118,4,8,2018
1477,29.55791176,15,4,2018
1478,29.52097059,22,4,2018
1479,29.63373529,29,4,2018
1480,30.07561765,5,6,2018
1481,30.24782353,13,5,2018
1482,30.34111765,20,5,2018
1483,30.08967647,27,5,2018
1484,30.01773529,6,3,2018
1485,29.47855882,6,10,2018
1486,29.38111765,17,6,2018
1487,29.44629412,24,6,2018
1488,29.36347059,7,1,2018
1489,29.089,7,8,2018
1490,28.76723529,15,7,2018
1491,28.84835294,22,7,2018
1492,28.81832353,29,7,2018
1493,28.79011765,8,5,2018
1494,28.75523529,8,12,2018
1495,28.62735294,19,8,2018
1496,28.721,26,8,2018
1497,28.53758824,9,2,2018
1498,28.81805882,9,9,2018
1499,28.58217647,16,9,2018
1500,29.20964706,23,9,2018
1501,29.69658824,30,9,2018
1502,29.52291176,10,7,2018
1503,29.20935294,14,10,2018
1504,29.14964706,21,10,2018
1505,28.73276471,28,10,2018
1506,28.71970588,11,4,2018
1507,28.58508824,11,11,2018
1508,28.38494118,18,11,2018
1509,27.94935294,25,11,2018
1510,27.88535294,12,2,2018
1511,27.59817647,12,9,2018
1512,27.29908824,16,12,2018
1513,27.01905882,23,12,2018
1514,26.71979412,30,12,2018
1515,26.51161765,1,6,2019
1516,26.11008824,13,1,2019
1517,26.25655882,20,1,2019
1518,26.12641176,27,1,2019
1519,26.16938235,2,3,2019
1520,26.56029412,2,10,2019
1521,27.22508824,17,2,2019
1522,27.4165,24,2,2019
1523,27.80352941,3,3,2019
1524,28.04555882,3,10,2019
1525,28.29326471,17,3,2019
1526,28.64938235,24,3,2019
1527,28.84041176,31,3,2019
1528,29.35935294,4,7,2019
1529,29.49485294,14,4,2019
1530,29.98211765,21,4,2019
1531,29.80270588,28,4,2019
1532,29.7455,5,5,2019
1533,29.72361765,5,12,2019
1534,29.85158824,19,5,2019
1535,30.07185294,26,5,2019
1536,30.22211765,6,2,2019
1537,30.0455,6,9,2019
1538,29.73947059,16,6,2019
1539,29.66308824,23,6,2019
1540,29.44897059,30,6,2019
1541,29.30320588,7,7,2019
1542,29.31067647,14,7,2019
1543,29.32129412,21,7,2019
1544,29.1825,28,7,2019
1545,29.02855882,8,4,2019
1546,28.85985294,8,11,2019
1547,28.91305882,18,8,2019
1548,28.788,25,8,2019
1549,28.80355882,9,1,2019
1550,28.622,9,8,2019
1551,28.64073529,15,9,2019
1552,28.98991176,22,9,2019
1553,29.33582353,29,9,2019
1554,29.46379412,10,6,2019
1555,29.864,13,10,2019
1556,29.57011765,20,10,2019
1557,29.36147059,27,10,2019
1558,29.04344118,11,3,2019
1559,28.85705882,11,10,2019
1560,28.71220588,17,11,2019
1561,28.41873529,24,11,2019
1562,27.97585294,12,1,2019
1563,27.215,12,8,2019
1564,27.18179412,15,12,2019
1565,26.81414706,22,12,2019
1566,26.43088235,29,12,2019
1567,26.476,1,5,2020
1568,26.41791176,1,12,2020
1569,26.04829412,19,1,2020
1570,26.20176471,26,1,2020
1571,26.20132353,2,2,2020
1572,26.30767647,2,9,2020
1573,26.61738235,16,2,2020
1574,26.85076471,23,2,2020
1575,27.16770588,3,1,2020
1576,27.59811765,3,8,2020
1577,28.13588235,15,3,2020
1578,28.30802941,22,3,2020
1579,28.91644118,29,3,2020
1580,29.40055882,4,5,2020
1581,29.74158824,4,12,2020
1582,29.77182353,19,4,2020
1583,30.04688235,26,4,2020
1584,30.29820588,5,3,2020
1585,30.61626471,5,10,2020
1586,30.38444118,17,5,2020
1587,30.35511765,24,5,2020
1588,29.87479412,31,5,2020
1589,29.87417647,6,7,2020
1590,29.80779412,14,6,2020
1591,29.85817647,21,6,2020
1592,29.83361765,28,6,2020
1593,29.65976471,7,5,2020
1594,29.58838235,7,12,2020
1595,29.57058824,19,7,2020
1596,29.58188235,26,7,2020
1597,29.50861765,8,2,2020
1598,29.27279412,8,9,2020
1599,29.28720588,16,8,2020
1600,29.43697059,23,8,2020
1601,29.49526471,30,8,2020
1602,29.68802941,9,6,2020
1603,29.61279412,13,9,2020
1604,29.44326471,20,9,2020
1605,29.45417647,27,9,2020
1606,29.35620588,10,4,2020
1607,29.39458824,10,11,2020
1608,29.271,18,10,2020
1609,29.05997059,25,10,2020
1610,29.16552941,11,1,2020
1611,28.86823529,11,8,2020
1612,28.72202941,15,11,2020
1613,28.49708824,22,11,2020
1614,27.88752941,29,11,2020
1615,27.59747059,12,6,2020
1616,27.50291176,13,12,2020
1617,27.05776471,20,12,2020
1618,27.12841176,27,12,2020
1619,27.11188235,1,3,2021
1620,26.71073529,1,10,2021
1621,26.32382353,17,1,2021
1622,26.79135294,24,1,2021
1623,26.74797059,31,1,2021
1624,26.43985294,2,7,2021
1625,26.64520588,14,2,2021
1626,27.10952941,21,2,2021
1627,27.65894118,28,2,2021
1628,28.40973529,3,7,2021
1629,28.28191176,14,3,2021
1630,28.74647059,21,3,2021
1631,28.84885294,28,3,2021
1632,28.88008824,4,4,2021
1633,29.59988235,4,11,2021
1634,29.64197059,18,4,2021
1635,29.65117647,25,4,2021
1636,30.3605,5,2,2021
1637,30.74276471,5,9,2021
1638,30.77491176,16,5,2021
1639,29.70635294,23,5,2021
1640,29.96544118,30,5,2021
1641,30.24035294,6,6,2021
1642,29.72252941,13,6,2021
1643,29.59644118,20,6,2021
1644,29.26411765,27,6,2021
1645,29.48461765,7,4,2021
1646,29.49411765,7,11,2021
1647,29.304,18,7,2021
1648,29.19011765,25,7,2021
1649,29.14397059,8,1,2021
1650,29.15061765,8,8,2021
1651,29.27508824,15,8,2021
1652,28.91935294,22,8,2021
1653,29.01055882,29,8,2021
1654,29.08473529,9,5,2021
1655,29.17202941,9,12,2021
1656,29.03702941,19,9,2021
1657,29.36279412,26,9,2021
1658,29.49588235,10,3,2021
1659,29.2775,10,10,2021
1660,29.15044118,17,10,2021
1661,29.22914706,24,10,2021
1662,29.13558824,31,10,2021
1663,28.68373529,11,7,2021
1664,28.67776471,14,11,2021
1665,28.94161765,21,11,2021
1666,28.23585294,28,11,2021
1667,27.99023529,12,5,2021
1668,27.70211765,12,12,2021
1669,26.93394118,19,12,2021
1670,27.01555882,26,12,2021
1671,26.96914706,1,2,2022
1672,27.02764706,1,9,2022
1673,26.693,16,1,2022
1674,26.67585294,23,1,2022
1675,26.57917647,30,1,2022
1676,26.83597059,2,6,2022
1677,26.67179412,13,2,2022
1678,26.88276471,20,2,2022
1679,27.30102941,27,2,2022
1680,27.66882353,3,6,2022
1681,28.11182353,13,3,2022
1682,28.49070588,20,3,2022
1683,28.77273529,27,3,2022
1684,29.14205882,4,3,2022
1685,29.44108824,4,10,2022
1686,29.65182353,17,4,2022
1687,30.10891176,24,4,2022
1688,30.07458824,5,1,2022
1689,29.58844118,5,8,2022
1690,29.63476471,15,5,2022
1691,29.437,22,5,2022
1692,29.58497059,29,5,2022
1693,29.51135294,6,5,2022
1694,29.75555882,6,12,2022
1695,29.47055882,19,6,2022
1696,29.69285294,26,6,2022
1697,29.5375,7,3,2022
1698,29.35326471,7,10,2022
1699,29.27314706,17,7,2022
1700,29.45291176,24,7,2022
1701,29.78447059,31,7,2022
1702,29.19235294,8,7,2022
1703,28.99641176,14,8,2022
1704,29.0715,21,8,2022
1705,29.57258824,28,8,2022
1706,29.75420588,9,4,2022
1707,29.3315,9,11,2022
1708,29.08352941,18,9,2022
1709,29.04352941,25,9,2022
1710,29.32947059,10,2,2022
